cv.EXT_arsenictrioxide_1percwater	III	7186324	8823996	11831580	10.905309522151851	0.19804385813522027
cv.EXT_arsenictrioxide_1percwater	X	2997669	4563807	5247762	5.723894297291744	0.06385382059800666
cv.EXT_etoposide_halfpercDMSO	II	7977795	8475541	9429902	5.797491935510798	0.11312305753227332
cv.EXT_etoposide_halfpercDMSO	II	11841806	12048286	12203935	6.209275205204507	0.2161397600296052
cv.EXT_K12_lysate	X	5671521	6769644	8753399	7.170101594119523	0.09516624040920715
cv.EXT_OP50TRP_lysate	X	8583421	9598947	10154968	6.003247856660581	0.12925416543428964
cv.EXT_praziquantel_1percethanol	III	11712257	12176861	12460728	6.429228424597444	0.24491884084907348
cv.EXT_silver_1percwater	V	4390262	5682695	7392623	6.2323397120891455	0.14519846350832263
cv.green_2percDMSO_1percDMSO	II	5314060	6079999	6934763	6.1962934885526435	0.08893177326912267
cv.green_3percEthanol_1percWater	V	18069692	18719982	19621156	5.888953209970643	0.09151874453079271
cv.green_amsacrine_1percDMSO	II	2866697	3093099	3747858	6.075060542640445	0.16429688353748798
cv.green_arsenictrioxide_1percwater	III	7186324	7815934	11258696	11.00997417500262	0.16116694352159472
cv.green_cisplatin500_1percWater	IV	14872066	15147847	15452352	6.283190841342074	0.2011743744060817
cv.green_copper_1percwater	II	1699704	2219908	2521739	5.818847605860068	0.16189441822731285
cv.green_G418_1percWater	II	2746859	2940580	3376344	8.438145424045311	0.15010532514892747
cv.green_G418_1percWater	V	16264186	16558375	18040973	8.438145424045311	0.15010532514892747
cv.green_G418_1percWater	X	295885	673948	1626659	7.362041933066148	0.1908092662998559
cv.green_irinotecan_halfpercDMSO	III	3302881	3682157	4927455	6.526807872308807	0.1742108081664407
cv.red_arsenictrioxide_1percwater	III	7186324	7815934	11236223	9.256291620011739	0.14991694352159474
cv.red_chlorothanil_halfpercDMSO	II	4039119	4411095	5164258	6.412596176685953	0.09532692208528847
cv.red_G418_1percWater	II	2797814	2989243	3246446	7.752040424122912	0.2043100258971514
cv.red_irinotecan_halfpercDMSO	III	2725628	3682157	4927455	6.859710581978154	0.15797662847047764
cv.red_nickel_1percwater	V	16786875	17006573	17715211	6.025786396368005	0.16912096711630986
cv.red_silver_1percwater	II	12638667	12812609	13024349	8.31417097728518	0.16226669105542346
cv.red_silver_1percwater	III	7215100	10046022	10503361	7.555488366591934	0.15647192244375346
cv.red_silver_1percwater	MtDNA	175	12554	175	6.789937478171334	0.08492484740931946
cv.red_silver_1percwater	V	4390262	5682695	7392623	6.511153835419934	0.14153429668922624
cv.TOF_albendazole_1percDMSO	V	19881741	20203672	20599415	5.967016475956827	0.28297674418604657
cv.TOF_arsenictrioxide_1percwater	II	2724253	2888784	3129582	5.87796189553138	0.1146240622984809
cv.TOF_chlorpromazine_1percethanol	X	14098344	14330076	14665767	6.043390779892962	0.08373754152823924
cv.TOF_G418_1percWater	I	6988617	10851574	11843087	6.141581045792421	0.15874274237997085
cv.TOF_OP50_lysate	X	5671521	6955431	8753399	7.427597682165931	0.11164138860802154
cv.TOF_OP50TRP_lysate	X	5671521	6955431	8753399	6.465806268446807	0.12947758678800134
cv.TOF_praziquantel_1percethanol	V	905906	1603059	1992554	7.258754069802846	0.12406037115339442
cv.yellow_arsenictrioxide_1percwater	III	7186324	7815934	11258696	11.335389703353929	0.15791112956810638
cv.yellow_HT115_lysate	III	10740412	11267868	11672321	5.876829090361369	0.2391429016674458
cv.yellow_irinotecan_halfpercDMSO	II	1747441	2311789	2527548	5.852099169640518	0.18501245717844905
cv.yellow_irinotecan_halfpercDMSO	III	3167057	3484663	4927455	6.726677058217725	0.14939833558254606
cv.yellow_silver_1percwater	II	12638667	12812609	13024349	8.560680559619698	0.15456374611304186
cv.yellow_silver_1percwater	III	7215100	10046022	10503361	7.235808985566206	0.14519846350832263
cv.yellow_silver_1percwater	V	4390262	5682695	7392623	6.081020191160321	0.1470481068227547
f.ad_abamectin_1percDMSO	V	5374929	6676606	10037236	7.735986890204153	0.15104020387996048
f.ad_abamectin_1percDMSO	V	16066778	16600222	16741581	8.34032555552774	0.2621617013682522
f.ad_albendazole_1percDMSO	II	9223105	10143974	10954817	6.676585619074377	0.17872123363521905
f.ad_albendazole_1percDMSO	IV	3899470	4522219	6574351	5.865049880466984	0.1619951778179626
f.ad_arsenictrioxide_1percwater	II	7138704	7931252	8951456	7.791485517227469	0.21658188332653733
f.ad_cisplatin500_1percWater	I	992525	1726395	2118471	9.114770128090637	0.16121148908857502
f.ad_cisplatin500_1percWater	I	10954204	11922136	14405909	10.313111570482624	0.19674796747967474
f.ad_cisplatin500_1percWater	II	5056641	5961200	9469400	7.055963970983514	0.10687259306803594
f.ad_cisplatin500_1percWater	IV	16811514	17057883	17409440	7.347136691334449	0.12633504492939665
f.ad_cisplatin500_1percWater	V	2815138	4294239	5971170	6.308659098793988	0.09435173299101408
f.ad_DA1877_lysate	X	6392026	8556652	9576078	6.4255133797855075	0.11140664961636826
f.ad_etoposide_halfpercDMSO	II	11645604	11872440	12066887	6.687764974163514	0.28512256210557563
f.ad_monepantel_1percethanol	I	4254486	8131241	11091427	5.738518816888743	0.2503005766163661
f.L1_arsenictrioxide_1percwater	I	3080051	4645862	11115753	6.178645943613559	0.11720930232558142
f.L1_arsenictrioxide_1percwater	III	7186324	7815934	11258696	8.106482060918418	0.143671096345515
f.L1_chlorothanil_halfpercDMSO	X	12826915	13550118	14112397	7.150051586176601	0.2916985834073801
f.L1_DA837_lysate	III	11514718	11811682	12052551	7.208958726053085	0.13415158302087615
f.L1_deiquat_1percwater	IV	15466666	15822445	16119104	5.882972365918992	0.15123738050567323
f.L1_etoposide_halfpercDMSO	II	11645604	11872440	12066887	6.500108656457349	0.2356860391758606
f.L1_G418_1percWater	V	1714	194524	1727658	7.6969905549617215	0.18073316283034954
f.L1_praziquantel_1percethanol	II	2663480	2834053	3050463	5.844117417125399	0.090531377301088
f.L1_praziquantel_1percethanol	III	11717471	11975855	12245955	5.7489567883955415	0.23713192112644912
f.L1_vincristine_1percWater	V	632198	870699	1404861	5.987928161534756	0.10488596380559875
f.L2L3_MPTP_1percDMSO	V	1796919	2720261	4288059	6.884752463359659	0.13755813953488374
f.L2L3_OP50_lysate	V	15374496	15783230	15983106	5.8048560483140275	0.15120059288537552
f.L4_arsenictrioxide_1percwater	III	7186324	7815934	8686421	6.182203228708393	0.1530897009966778
f.L4_DA837_lysate	I	12168273	13013679	13867842	6.006637342176567	0.06796090326929559
f.L4_DA837_lysate	II	1499278	2112361	2461866	6.365767465796292	0.09937198067632849
f.L4_DA837_lysate	X	7676407	8483064	9522405	6.423587368199639	0.08413886080215707
f.L4_HT115_lysate	II	13917702	14123542	14612279	6.899816076274669	0.10043762432509237
f.L4_mebendazole_1percDMSO	III	870457	1283160	1652757	6.67946227717192	0.18448956107183948
f.L4_praziquantel_1percethanol	V	905906	1603059	1992554	7.239276748018805	0.1593486545036933
f.L4_silver_1percwater	II	13732097	13927502	14900616	7.262194178509858	0.17417903733693207
f.L4_silver_1percwater	V	1554461	1947485	4098182	6.724479713307848	0.14176279740447004
f.L4_silver_1percwater	X	4735196	5265149	6136327	7.376128928181711	0.2657531402470674
iqr.EXT_albendazole_1percDMSO	II	1701915	2222527	2744327	5.895247656371713	0.11435808513531895
iqr.EXT_albendazole_1percDMSO	II	9223105	9645653	10723378	6.717670739072317	0.17332858724885308
iqr.EXT_albendazole_1percDMSO	III	2646853	2819699	3003007	5.8336648678174745	0.13673591082228953
iqr.EXT_albendazole_1percDMSO	IV	1955111	3354885	6574351	8.2055676837151	0.16798051329875077
iqr.EXT_arsenictrioxide_1percwater	II	7228624	7931252	8468715	6.589370450752937	0.2000641724098745
iqr.EXT_DA1877_lysate	I	12004251	12763211	13425940	6.155012460543723	0.09207161125319692
iqr.EXT_DA837_lysate	V	3467830	4486064	6379489	6.6072068721422905	0.1679015084294587
iqr.EXT_etoposide_halfpercDMSO	II	11645604	11872440	12199892	6.189131025501064	0.2967471708564905
iqr.EXT_K12_lysate	X	2745443	4006197	4911921	6.542946915527802	0.11996339417357262
iqr.EXT_silver_1percwater	II	3439475	3702412	3888751	6.194409953862334	0.13978703344240476
iqr.EXT_silver_1percwater	II	9622511	10131702	10628031	5.7366923681072315	0.12483693207377414
iqr.EXT_silver_1percwater	IV	4078102	4974710	7634038	5.838377591599973	0.14057896637585302
iqr.EXT_silver_1percwater	IV	16270898	16539826	16827161	6.194409953862334	0.13978703344240476
iqr.green_abamectin_1percDMSO	V	4352117	5805043	9353529	6.8187237462419095	0.142131787490595
iqr.green_albendazole_1percDMSO	IV	2785127	3354885	3992694	6.7673232995789	0.1692603602028327
iqr.green_arsenictrioxide_1percwater	II	6964225	7931252	8951456	8.7159585369825745	0.2541829047373945
iqr.green_chlorpromazine_1percethanol	X	4836105	6074284	7260449	6.9360737307710805	0.1853931080793761
iqr.green_DA1877_lysate	II	765294	1146328	1442585	7.21786974162854	0.09664722587392781
iqr.green_DA1877_lysate	X	11378563	12088312	12518573	6.532356344528772	0.11739052751610583
iqr.green_DA837_lysate	V	3448161	4495201	6115694	9.59618757216426	0.21907230666509564
iqr.green_etoposide_halfpercDMSO	I	13108100	14198699	14975929	5.8898949427389535	0.1780554316029551
iqr.green_etoposide_halfpercDMSO	II	11612409	12041264	12199892	7.238698535455385	0.3051214534480933
iqr.green_HT115_lysate	II	13469940	13724697	13924784	6.4437697703641215	0.07246398114742918
iqr.green_HT115_lysate	V	15319226	15716016	15967124	6.117546050771709	0.11638614861256447
iqr.green_JUb71_lysate	II	13469940	13724697	13924784	6.189612592932631	0.09207161125319692
iqr.green_JUb71_lysate	III	2180715	2522301	2732380	5.750725376443308	0.12606893070877495
iqr.green_JUb71_lysate	V	15319403	15716016	15964258	5.775899521601227	0.14304173214597518
iqr.red_arsenictrioxide_1percwater	II	6964225	7892564	12021776	9.667450319021437	0.1909305165119119
iqr.red_chlorpromazine_1percethanol	X	5007809	5995107	9897980	6.667341011526841	0.19477642276422766
iqr.red_DA1877_lysate	X	5887790	8596843	9640417	7.567800289541332	0.06605999325918435
iqr.red_docetaxel_halfpercDMSO	II	12410646	12605525	12765083	7.650969105257982	0.13090777953639327
iqr.red_docetaxel_halfpercDMSO	IV	16814327	17072978	17289322	8.318426506977996	0.17449027975343762
iqr.red_etoposide_halfpercDMSO	II	11836192	12041264	12199892	6.41550613678021	0.31783349614674916
iqr.red_etoposide_halfpercDMSO	V	20205081	20634351	20900332	7.148573467799304	0.15104690044449087
iqr.red_HT115_lysate	X	7712228	8556652	9604351	5.922549987347159	0.06784366987936055
iqr.red_JUb71_lysate	III	2106394	2503365	2719781	5.867391526173904	0.056237579744125986
iqr.red_JUb87_lysate	V	15283455	15529445	16006541	7.641534681813293	0.07830633702756465
iqr.red_JUb87_lysate	V	16792754	16971719	18045135	8.455488210092211	0.1425859619210003
iqr.red_nickel_1percwater	IV	1795243	2671347	12630843	7.029387022571428	0.09848837209302329
iqr.red_zinc_1percwater	X	5344588	6344867	7877922	6.107923019210413	0.33868920124944224
iqr.TOF_albendazole_1percDMSO	II	1104776	1463420	2744327	6.84927637298475	0.14059800664451833
iqr.TOF_albendazole_1percDMSO	II	9223105	9645653	10954817	6.417304731931656	0.15797500395507041
iqr.TOF_albendazole_1percDMSO	III	2646853	2819699	3003007	5.740619655739788	0.12169447385394226
iqr.TOF_albendazole_1percDMSO	IV	1955111	3354885	6574351	9.13658549126096	0.17835528744341472
iqr.TOF_dactinomycin_1percDMSO	III	12249	86979	2344212	7.746907014940844	0.1803756204089736
iqr.TOF_daunorubicin_halfpercDMSO	IV	1471787	1626230	1939413	5.756671353597655	0.11137052384191969
iqr.TOF_etoposide_halfpercDMSO	II	11645604	11872440	12066887	6.322004033211911	0.2658937637341821
iqr.TOF_mebendazole_1percDMSO	II	7027590	8293290	8904959	5.939780845848046	0.13805899675547945
iqr.TOF_silver_1percwater	II	3439475	3702412	3888751	7.587328573771779	0.14176279740447004
iqr.TOF_silver_1percwater	IV	16270898	16539826	16827161	7.587328573771779	0.14176279740447004
iqr.TOF_silver_1percwater	V	1554461	1947485	15265819	9.980228243111023	0.14777327935222673
iqr.TOF_silver_1percwater	X	14172814	14718907	14926520	8.274908189405524	0.14394961763382813
iqr.yellow_abamectin_1percDMSO	V	4324216	7071601	11404602	11.818959572687337	0.1531375053214134
iqr.yellow_abamectin_1percDMSO	V	15984276	16172999	16532077	5.913415645085503	0.23123893235455098
iqr.yellow_arsenictrioxide_1percwater	II	6963089	7931252	8515932	9.324549208295014	0.20496240266655816
iqr.yellow_chlorpromazine_1percethanol	X	5088524	5995107	7260449	6.185567390011121	0.18229279026621217
iqr.yellow_DA1877_lysate	II	4572915	5611686	7205482	6.696346684814269	0.09937198067632849
iqr.yellow_DA1877_lysate	V	15374496	15783230	15983106	6.166831391581445	0.15020421607378132
iqr.yellow_DA1877_lysate	X	5887790	8596843	9640417	9.103676566585328	0.06233906302662623
iqr.yellow_docetaxel_halfpercDMSO	IV	16814327	17072978	17289322	7.431073463220924	0.16884676438452176
iqr.yellow_etoposide_halfpercDMSO	II	11645604	12041264	12199892	7.324032688022615	0.35382129117068883
iqr.yellow_etoposide_halfpercDMSO	V	20205081	20634351	20900332	6.710871600903473	0.14937788672728433
iqr.yellow_HT115_lysate	II	4271093	5498459	7205482	7.03387831954161	0.062133160956690366
iqr.yellow_HT115_lysate	II	11764530	11958857	12112306	6.248184399401769	0.06703061518470829
iqr.yellow_HT115_lysate	V	15283455	17671048	18045135	7.831153818299078	0.07179012659514973
iqr.yellow_HT115_lysate	X	7712228	8556652	9604351	7.3845945436583795	0.07179012659514973
iqr.yellow_JUb71_lysate	III	2106394	2503365	2709186	5.8075246788161285	0.06651487327965314
iqr.yellow_JUb87_lysate	V	15283455	17671048	18045135	8.727372355954481	0.07786990225817324
iqr.yellow_K12_lysate	I	135309	880852	1404829	6.1843595810000025	0.07482318078484633
iqr.yellow_nickel_1percwater	IV	2422298	2671347	4271993	6.122433628357439	0.10367109634551497
iqr.yellow_OP50B12_lysate	I	12004251	13013679	13867842	8.899010863959374	0.08097404785979104
iqr.yellow_OP50B12_lysate	X	5671521	6955431	9640417	9.725832495342456	0.0632591843613077
iqr.yellow_zinc_1percwater	X	5001360	6344867	9206740	6.361991719729751	0.36117916108879977
mean.EXT_abamectin_1percDMSO	III	11808835	12048496	12315193	5.951479758985135	0.10537470335144095
mean.EXT_abamectin_1percDMSO	V	4324216	6395875	11404602	6.885115472612213	0.14908722109533468
mean.EXT_abamectin_1percDMSO	V	16233547	16600222	16744601	6.160388953675944	0.2833857827336043
mean.EXT_arsenictrioxide_1percwater	I	3080051	4645862	11115753	6.141473905206904	0.13605066445182726
mean.EXT_arsenictrioxide_1percwater	II	7138704	7931252	8471399	7.62854790533759	0.27411144608514876
mean.EXT_cisplatin500_1percWater	I	11029081	11922136	12680803	5.823677132718378	0.1896585365853658
mean.EXT_DA1877_lysate	II	4670347	5611686	6407021	6.023382420800905	0.07094060812730889
mean.EXT_DA1877_lysate	V	16575026	16722636	17601064	6.159393222329452	0.0862824401752612
mean.EXT_DA1877_lysate	X	7722399	8556652	9640417	7.633123069100754	0.09937198067632849
mean.EXT_daunorubicin_halfpercDMSO	IV	1778719	2143318	3498205	7.728038636175965	0.15026823816297497
mean.EXT_daunorubicin_halfpercDMSO	X	14077223	14314495	14536717	6.1952911513632465	0.10818824755073829
mean.EXT_etoposide_halfpercDMSO	II	11645604	11872440	12066887	7.563538482965023	0.3687500671376318
mean.EXT_OP50_lysate	III	4042592	5282311	11030714	6.778493062770332	0.12892583120204607
mean.EXT_OP50_lysate	V	16310341	16591874	16735486	6.278651893498898	0.12295584765756656
mean.green_arsenictrioxide_1percwater	II	6964225	7931252	8951456	9.208309635366428	0.28781492944377235
mean.green_bleomycin_1percWater	II	13266268	13469940	13732097	5.911781664013738	0.1581541382205834
mean.green_cisplatin500_1percWater	IV	12862515	14033766	14741155	7.3959404472539365	0.1963028363315308
mean.green_copper_1percwater	V	16569272	16705649	16778281	6.550481912624429	0.1810574341236973
mean.green_DA1877_lysate	V	16575026	16768958	17601064	5.9280857401706255	0.05921571527161589
mean.green_DA1877_lysate	X	7722399	8596843	9640417	7.9034304022607	0.0605190428041793
mean.green_DA837_lysate	III	7271531	8001998	8868193	6.493495537562068	0.10061500831966322
mean.green_OP50_lysate	III	3629682	5282311	11030714	7.230287647522911	0.12294401818698493
mean.green_OP50_lysate	V	16310341	16591874	16735486	5.763225049560792	0.12424671385237612
mean.norm.EXT_arsenictrioxide_1percwater	II	7228624	7931252	8468715	6.169357931016254	0.26872363750609973
mean.norm.EXT_arsenictrioxide_1percwater	III	7186324	7815934	8686421	5.980751239070437	0.14677740863787384
mean.norm.EXT_bicuculline_1percDMSO	V	18392008	18981227	19781362	6.1315695168384545	0.13306063122923595
mean.norm.EXT_DA1877_lysate	II	4572915	5498459	7205482	5.8527457695169565	0.10321873946747556
mean.norm.EXT_DA1877_lysate	V	15476508	15842141	16006541	6.114203350335667	0.1342413130784006
mean.norm.EXT_DA837_lysate	III	7271531	8001998	9060596	7.275749128636485	0.09845130792161289
mean.norm.EXT_etoposide_halfpercDMSO	II	11619841	11849208	12049740	5.892728042847349	0.2551294784874263
mean.norm.EXT_JUb71_lysate	II	4572915	5498459	7205482	5.964538341595271	0.10799123693966971
mean.norm.EXT_OP50B12_lysate	III	150729	870375	1175104	6.366712070679799	0.04583404376243249
mean.norm.EXT_praziquantel_1percethanol	IV	1094776	1198261	1365709	6.4984412370353555	0.13379569947919345
mean.norm.green_3percEthanol_1percWater	IV	12778258	13547576	14055093	5.776722288158248	0.2553981357528881
mean.norm.green_arsenictrioxide_1percwater	II	7138704	7931252	8468715	6.238540586698848	0.23889440113394758
mean.norm.green_DA1877_lysate	V	15476508	16418795	16639420	6.131884859481607	0.09382894972266952
mean.norm.green_DA1877_lysate	X	7751078	8596843	9640417	6.092839769860817	0.08520728008088979
mean.norm.green_dactinomycin_1percDMSO	II	12048408	12203935	12443222	5.8605370947938225	0.18132420091324197
mean.norm.green_JUb71_lysate	II	4572915	5498459	7205482	6.713948964155855	0.11535220761712166
mean.norm.green_JUb87_lysate	V	13665193	15177446	15920552	7.814009203981021	0.19468999119436073
mean.norm.green_vincristine_1percWater	IV	15205747	15514660	15949370	6.107775912230085	0.024622093023255822
mean.norm.red_arsenictrioxide_1percwater	II	7138704	7931252	8471399	7.645056428342374	0.22631469882417438
mean.norm.red_chlorpyrifos_1percDMSO	II	2810788	3016298	3245548	5.751433506633398	0.20630447892111173
mean.norm.red_DA837_lysate	V	3593309	4484096	5804600	7.114031514557649	0.11713496993000097
mean.norm.red_etoposide_halfpercDMSO	II	11164391	11849208	12049740	6.502041821973081	0.23146492781160483
mean.norm.red_JUb71_lysate	II	4670347	5611686	6407021	6.402027251030514	0.14902244955953395
mean.norm.red_JUb71_lysate	X	5887790	6955431	7863121	5.837277946385413	0.06892146949780924
mean.norm.red_JUb87_lysate	II	12523546	12707474	12851273	6.352330046443875	0.3211216876768717
mean.norm.red_K12_lysate	X	5887790	6955431	8917466	6.779534781944381	0.057839568587799116
mean.norm.yellow_arsenictrioxide_1percwater	II	6964225	7931252	8515932	8.235296914756145	0.25062555142538945
mean.norm.yellow_chlorpromazine_1percethanol	X	5162156	6074284	7227767	6.0645561971261515	0.15657900281571438
mean.norm.yellow_etoposide_halfpercDMSO	II	11164391	11849208	12049740	6.97319041335349	0.24552547105986666
mean.norm.yellow_JUb71_lysate	II	4572915	5611686	7205482	6.87721367208675	0.1556010230179028
mean.norm.yellow_JUb71_lysate	X	5887790	6955431	7863121	5.769207957379621	0.06511964947758679
mean.norm.yellow_JUb85_lysate	X	5887790	6955431	7863121	6.173937119452204	0.08520728008088979
mean.norm.yellow_K12_lysate	X	5887790	6955431	8917466	7.083587644131174	0.055220761712167166
mean.norm.yellow_OP50B12_lysate	III	150729	612025	966705	6.855674566220385	0.12651605569764138
mean.norm.yellow_silver_1percwater	X	10315142	10797595	11618133	6.068315499778412	0.13344877344877346
mean.norm.yellow_zinc_1percwater	X	4167697	5068525	6350271	6.0076656830198045	0.2946235885713093
mean.red_abamectin_1percDMSO	I	3193751	5685673	10032985	5.741615043624651	0.12863787375415286
mean.red_arsenictrioxide_1percwater	II	6964225	7931252	8951456	9.778429903251869	0.24642205391819355
mean.red_DA837_lysate	V	3767816	4484096	5804600	6.7453342967499275	0.1361160406191462
mean.red_docetaxel_halfpercDMSO	II	1392498	1788925	2338271	6.349009695037173	0.12994919731761834
mean.red_docetaxel_halfpercDMSO	II	12410646	12605525	12765083	8.369019680029114	0.13896179352072605
mean.red_docetaxel_halfpercDMSO	IV	13367380	13917904	14472612	6.349009695037173	0.12994919731761834
mean.red_docetaxel_halfpercDMSO	IV	16814327	17072978	17289322	8.19280529136403	0.17639206712433253
mean.red_etoposide_halfpercDMSO	II	11619841	11872440	12199892	6.657116007136673	0.3417777231966979
mean.red_etoposide_halfpercDMSO	V	20205081	20634351	20900332	5.755420908905391	0.15441274477419062
mean.red_JUb85_lysate	X	5671521	6955431	8753399	6.462069346017469	0.11660262891809907
mean.red_OP50B12_lysate	X	5671521	6955431	9640417	7.111052480280718	0.05608695652173913
mean.TOF_abamectin_1percDMSO	V	5175241	6425737	10037236	5.849777209647154	0.1457642200035709
mean.TOF_albendazole_1percDMSO	II	9223105	10143974	10723378	6.073723393116647	0.18815705638738453
mean.TOF_arsenictrioxide_1percwater	I	3080051	4645862	11115753	6.372976792563206	0.143671096345515
mean.TOF_DA1877_lysate	X	7722399	8556652	9576078	6.084308279198697	0.10916737709576582
mean.TOF_daunorubicin_halfpercDMSO	IV	1471787	1626230	1939413	6.323002813731931	0.1039231451130764
mean.TOF_etoposide_halfpercDMSO	II	11645604	11872440	12066887	8.166861809670273	0.36613714309272083
mean.TOF_JUb71_lysate	III	1877520	2314883	2540656	5.9369284677168395	0.11093397745571659
mean.TOF_silver_1percwater	II	3439475	3702412	3888751	7.8193717337697555	0.13978703344240476
mean.TOF_silver_1percwater	II	13732097	13927502	14452399	6.754919820270305	0.10708502024291496
mean.TOF_silver_1percwater	IV	16270898	16539826	16827161	7.8193717337697555	0.13978703344240476
mean.TOF_silver_1percwater	V	1554461	1947485	7244703	9.514641231978086	0.14777327935222673
mean.TOF_silver_1percwater	X	4464378	5106373	5906200	5.98383801890504	0.18400516341019768
mean.TOF_silver_1percwater	X	14499073	14718907	14926520	7.145051357583579	0.1165991902834008
mean.yellow_arsenictrioxide_1percwater	II	6964225	7931252	8951456	10.354568057559979	0.2714108571695957
mean.yellow_arsenictrioxide_1percwater	II	11276295	11606193	11836192	5.874100546080432	0.11813186813186813
mean.yellow_chlorpyrifos_1percDMSO	II	2465819	2632852	2817606	6.7850039156809	0.08882428940568475
mean.yellow_chlorpyrifos_1percDMSO	V	8760204	12744687	14530413	6.854595017607863	0.09099065591313657
mean.yellow_copper_1percwater	V	16569272	16705649	16778281	5.8389004770617925	0.1572839393801484
mean.yellow_DA1877_lysate	X	7751078	8596843	9640417	5.942299347635433	0.06892146949780924
mean.yellow_DA837_lysate	V	3467830	4484096	6395875	8.02329245947029	0.1540471260968155
mean.yellow_docetaxel_halfpercDMSO	IV	16814327	17072978	17289322	6.528019137622457	0.15070505287896585
mean.yellow_etoposide_halfpercDMSO	II	11645604	11872440	12199892	6.725671632546198	0.35835411333761275
mean.yellow_JUb85_lysate	X	5671521	6955431	8753399	6.836361192346082	0.11287158746208291
mean.yellow_OP50B12_lysate	X	7746059	8596843	9654636	9.743572005184662	0.10016138521095559
median.EXT_abamectin_1percDMSO	V	5053892	6395875	9058639	5.925309686227948	0.14908722109533468
median.EXT_cisplatin500_1percWater	I	11133959	11937558	12766753	5.88617988338894	0.16121148908857502
median.EXT_DA1877_lysate	V	16575026	16722636	17601064	6.628052556611908	0.08413886080215707
median.EXT_DA1877_lysate	X	7722399	8556652	9640417	5.890583760168948	0.07004546746234726
median.EXT_etoposide_halfpercDMSO	II	11645604	11872440	12066887	6.118475431192096	0.2955742582852193
median.EXT_HT115_lysate	X	5887790	6955431	7863121	6.032450713823985	0.046137512639029314
median.EXT_nickel_1percwater	III	12520233	12815804	13771263	6.142729629579669	0.11033637873754157
median.EXT_nickel_1percwater	IV	4526801	8363211	12630843	6.952354264352105	0.1177918841955387
median.EXT_silver_1percwater	V	6618053	9629716	15265819	5.756095167504075	0.1165991902834008
median.green_2percDMSO_1percDMSO	I	12745094	13518747	14586117	5.924469063079742	0.15058087268654086
median.green_abamectin_1percDMSO	V	4324216	6395875	11404602	7.146678815835081	0.15627850111645752
median.green_cisplatin500_1percWater	I	992525	1726395	2118471	8.3994404937475	0.14575935723035613
median.green_cisplatin500_1percWater	I	10954204	11937558	14591146	10.387713321943197	0.17015849920563172
median.green_cisplatin500_1percWater	II	5056641	5908284	6821059	5.870628579440919	0.09767252769590405
median.green_cisplatin500_1percWater	IV	16811514	17057883	17409440	6.4057998956687205	0.14325709715899668
median.green_DA1877_lysate	V	16575026	16722636	17601064	7.287276428872135	0.09399954924348275
median.green_DA1877_lysate	X	7722399	8556652	9640417	6.059472206343267	0.056497513360680034
median.green_etoposide_halfpercDMSO	II	11645604	11872440	12066887	6.10603441253223	0.29559677847382543
median.green_mebendazole_1percDMSO	V	702837	1166866	1657728	5.947864885238678	0.13237629839201293
median.green_nickel_1percwater	III	2514950	2733816	3093781	7.8302851647357175	0.2062157553161065
median.green_nickel_1percwater	IV	3304508	7294577	13024277	6.156936104660915	0.07334189519664089
median.norm.EXT_arsenictrioxide_1percwater	II	7228624	7931252	8468715	5.7423939813855425	0.2250863987914196
median.norm.EXT_DA837_lysate	I	13429200	14521001	15068369	6.173001565561996	0.13298701298701301
median.norm.EXT_etoposide_halfpercDMSO	II	11619841	11872440	12066887	6.653511621620484	0.28974453441612924
median.norm.EXT_nickel_1percwater	II	11948457	12107683	12321580	5.843279994026501	0.25513831874117593
median.norm.EXT_nickel_1percwater	IV	5279961	8363211	12577084	5.794506536817522	0.10571903179876602
median.norm.EXT_praziquantel_1percethanol	IV	785774	1072389	1365709	7.418774867375505	0.23109950303396395
median.norm.EXT_silver_1percwater	II	3920678	4294059	4734658	9.324805068963299	0.15870445344129552
median.norm.EXT_silver_1percwater	III	116370	580463	1004819	6.7988537707222525	0.22017146939747562
median.norm.EXT_silver_1percwater	V	18849929	19697632	20900341	6.151076438223588	0.10841940014872342
median.norm.EXT_silver_1percwater	X	4747757	9780844	12286890	8.832498153357307	0.14394961763382813
median.norm.green_cisplatin500_1percWater	I	1244526	1726395	2073189	6.884262557892446	0.13368213783403657
median.norm.green_cisplatin500_1percWater	I	11071470	11868207	14421389	8.532057217713204	0.16112642600406313
median.norm.green_cisplatin500_1percWater	II	5132790	5908284	10317000	7.77269444416342	0.13837043794849707
median.norm.green_cisplatin500_1percWater	IV	16817422	17057883	17397141	6.342722168543695	0.13863291139240508
median.norm.green_DA837_lysate	III	12009603	12286502	12491430	5.759345320171171	0.05998225377107363
median.norm.green_DA837_lysate	V	12626771	14130271	15160043	6.587638781655712	0.053799982538851064
median.norm.green_G418_1percWater	V	1714	194524	1468254	5.886759394794262	0.23941192555775387
median.norm.green_JUb71_lysate	II	4572915	5498459	7205482	5.9480753543071705	0.09740478597910344
median.norm.green_nickel_1percwater	IV	5279961	8363211	12577084	6.109661726870726	0.13051732320835313
median.norm.green_praziquantel_1percethanol	IV	785774	1198261	1365709	8.107737294173187	0.14405584489248693
median.norm.green_silver_1percwater	III	116370	580463	1004819	6.092661626011692	0.19052155275065497
median.norm.red_3percEthanol_1percWater	II	13949461	14227466	15022676	6.067186198371112	0.15373995983935745
median.norm.red_abamectin_1percDMSO	V	4486064	7071601	11404602	9.037352344786678	0.15157488793729498
median.norm.red_abamectin_1percDMSO	V	17596295	17768250	18019275	7.48860862540076	0.19220252364268586
median.norm.red_arsenictrioxide_1percwater	II	7138704	7931252	8471399	6.222464447012428	0.19432374980781703
median.norm.red_etoposide_halfpercDMSO	II	11164391	11849208	12049740	6.878972236010458	0.29669358437333565
median.norm.red_G418_1percWater	V	1714	924621	1752230	7.722357942372376	0.31922555185596246
median.norm.red_mebendazole_1percDMSO	V	17708759	17928339	18366304	5.853383277925947	0.24638951826623812
median.norm.yellow_3percEthanol_1percWater	II	13949461	14295590	14700481	5.957742714780416	0.10209759114430435
median.norm.yellow_abamectin_1percDMSO	V	4324216	6395875	11404602	10.13797260208367	0.18828938471940498
median.norm.yellow_abamectin_1percDMSO	V	17596295	17768250	18019275	6.466042534230749	0.15405811227312238
median.norm.yellow_arsenictrioxide_1percwater	II	6964225	7931252	8951456	6.992530081393057	0.22754634116994332
median.norm.yellow_cisplatin500_1percWater	I	11082416	11937558	14421389	7.193987972781767	0.17207813720893889
median.norm.yellow_cisplatin500_1percWater	II	5132790	5908284	6792337	6.197130021322641	0.17063899342380362
median.norm.yellow_cisplatin500_1percWater	V	16970664	17743547	18065050	6.360279942433246	0.33575306625531215
median.norm.yellow_etoposide_halfpercDMSO	II	11619841	11849208	12049740	6.570411416111006	0.3045875257301607
median.norm.yellow_nickel_1percwater	II	765294	1626580	2514478	7.79606565637674	0.14029479047986435
median.norm.yellow_nickel_1percwater	IV	4274577	7775931	13024277	7.0006619844395885	0.05844387228736242
median.norm.yellow_nickel_1percwater	IV	15994327	16223314	16531030	6.368509585857988	0.078536771520471
median.norm.yellow_nickel_1percwater	MtDNA	175	175	175	6.084202853998967	0.05645444024796133
median.norm.yellow_praziquantel_1percethanol	IV	882361	1098630	1362949	6.003337446418863	0.1522198731501057
median.red_2percDMSO_1percDMSO	I	12745094	13518747	14586117	7.830304253606471	0.1597998806370995
median.red_2percDMSO_1percDMSO	IV	1132173	1267101	1419964	6.240640541591266	0.14799134618971244
median.red_abamectin_1percDMSO	V	4963511	7013951	15303295	7.975697669648587	0.1592353868978616
median.red_arsenictrioxide_1percwater	II	7138704	7931252	8471399	6.356991846224907	0.18309536716876368
median.red_cisplatin500_1percWater	I	1228634	1726395	2073189	6.5083066183567	0.15946163117717957
median.red_cisplatin500_1percWater	I	10994178	11943825	14490715	8.33823302277718	0.19675685441980215
median.red_dactinomycin_1percDMSO	II	8074279	8641371	9337879	7.67628127040626	0.05789432485322895
median.red_deiquat_1percwater	X	4230500	5347624	6470009	6.416251442210769	0.32238856181665276
median.red_docetaxel_halfpercDMSO	IV	16783172	17072978	17455983	7.783384834687109	0.17122529644268775
median.red_etoposide_halfpercDMSO	II	11645604	11872440	12199892	5.9654140147395935	0.3292937527599011
median.red_HT115_lysate	X	7751078	8596843	9640417	7.981901532590841	0.0873643410852713
median.red_K12_lysate	X	4853731	5412521	6392026	5.8577834855790725	0.08321811697885723
median.red_nickel_1percwater	IV	3275713	3599685	4099342	6.09248469642133	0.10050924685071029
median.TOF_chlorpyrifos_1percDMSO	IV	1534618	1701597	2004223	6.925947851324943	0.11777986584188138
median.TOF_daunorubicin_halfpercDMSO	IV	1471787	1626230	1939413	5.904213336512588	0.0779732822066918
median.TOF_daunorubicin_halfpercDMSO	X	14077223	14314495	14536717	6.738530172110557	0.1118245747600825
median.TOF_etoposide_halfpercDMSO	II	11645604	11872440	12066887	6.481652706626077	0.3002798441652101
median.TOF_JUb71_lysate	III	1877520	2314883	2540656	6.773570107792578	0.10652352835927716
median.TOF_K12_lysate	X	5887790	6955431	7863121	7.090680903819852	0.07993259184361305
median.TOF_monepantel_1percethanol	X	11464309	12145343	12718774	6.124643661818265	0.09385256410256411
median.TOF_nickel_1percwater	III	12520233	12815804	13771263	6.36006248001852	0.13306063122923595
median.TOF_OP50B12_lysate	X	7746059	8596843	9654636	6.4198191365586466	0.1278493350667838
median.TOF_OP50_lysate	X	5887790	6955431	7863121	6.251547138732252	0.08097404785979104
median.TOF_silver_1percwater	II	13732097	13927502	14452399	7.131233425716715	0.14757085020242908
median.TOF_silver_1percwater	V	1554461	1947485	6051373	8.3833970789931	0.1437524263767955
median.TOF_silver_1percwater	X	4464378	5265149	6136327	7.368401486044699	0.26409477836603346
median.TOF_silver_1percwater	X	14499073	14718907	14926520	6.265411876830531	0.11498538011695902
median.yellow_2percDMSO_1percDMSO	I	12745094	13518747	14586117	7.237482317407774	0.15449569174530944
median.yellow_2percDMSO_1percDMSO	IV	1132173	1267101	1419964	5.987874262684121	0.15581334626431426
median.yellow_abamectin_1percDMSO	V	3030737	6355938	10476602	8.039454036503468	0.14677884286537882
median.yellow_abamectin_1percDMSO	V	16335787	17778494	18031122	6.825075432028979	0.1651683961946911
median.yellow_arsenictrioxide_1percwater	II	7228624	7931252	8468715	6.263450341013138	0.19891134689590356
median.yellow_cisplatin500_1percWater	I	1228634	1726395	2073189	7.229414145381495	0.15252246469833114
median.yellow_cisplatin500_1percWater	I	10994178	11937558	14490715	9.017708633325512	0.16654043645699607
median.yellow_dactinomycin_1percDMSO	II	8074279	8641371	9337879	6.092518122960341	0.05924853228962817
median.yellow_deiquat_1percwater	X	4701649	5347624	6378578	6.01107630791746	0.2932098536229823
median.yellow_etoposide_halfpercDMSO	II	11619841	11872440	12199892	6.475685093793745	0.3411517214754104
median.yellow_HT115_lysate	X	7722399	8596843	9640417	7.63857535182871	0.08202224469160768
median.yellow_K12_lysate	II	6368	395125	908609	5.771613959222878	0.04412309435442284
median.yellow_K12_lysate	X	4853731	5412521	6969208	6.289984654519897	0.07791898781984703
median.yellow_nickel_1percwater	III	12520233	12815804	13771263	7.776678466634341	0.07456883495050763
median.yellow_nickel_1percwater	IV	1091858	1196173	2423542	6.007566082110456	0.0863830861136911
median.yellow_nickel_1percwater	IV	4387353	8363211	16605403	8.010425568624692	0.1067906409345157
n_abamectin_1percDMSO	V	5175241	16085487	16744601	8.760224903087293	0.3133632355321924
n_chlorpyrifos_1percDMSO	V	17845421	18159175	18866636	6.375998359481152	0.18963230684123178
n_copper_1percwater	X	10615570	12391461	13550462	6.742084920672609	0.15789368770764123
n_OP50B12_lysate	V	13665193	14832216	15920552	6.8362428107746265	0.07925262858766693
norm.n_abamectin_1percDMSO	V	5175241	16085487	16744589	8.624623662974447	0.30785970726318695
norm.n_bleomycin_1percWater	II	13302143	13519520	13787191	6.207651055536182	0.18369773913793846
norm.n_chlorpyrifos_1percDMSO	V	17845421	18159218	18869668	6.140016314498922	0.20979587237193723
norm.n_copper_1percwater	II	6368	297001	1307764	6.14401911879113	0.143671096345515
norm.n_copper_1percwater	X	12150016	13006835	13550118	7.343308014502755	0.16502260349823267
norm.n_etoposide_halfpercDMSO	I	1681731	1994395	2359992	6.002823832579967	0.18436064569456587
norm.n_OP50B12_lysate	V	13665193	14832216	15920552	6.814200955013652	0.08116226200625175
q10.EXT_3percEthanol_1percWater	V	20111152	20497594	20900341	6.712463876131225	0.15657341001611558
q10.EXT_daunorubicin_halfpercDMSO	I	2058361	2408324	2903989	6.161193280536462	0.08182324200630836
q10.EXT_daunorubicin_halfpercDMSO	IV	11097552	13264909	13795942	6.432798808301447	0.1281751676488518
q10.EXT_daunorubicin_halfpercDMSO	X	2508900	3340213	4830513	6.4519414612515	0.08444142082586019
q10.EXT_JUb71_lysate	II	4730293	5685289	6900757	6.76497934735311	0.1422868196543959
q10.EXT_praziquantel_1percethanol	IV	927365	1098630	1365709	7.11763490596131	0.10807233743910918
q10.EXT_thymol_1percethanol	IV	1564053	1807604	2144756	5.773352199811926	0.1797497698337301
q10.green_2percDMSO_1percDMSO	IV	12856580	13603248	14136180	6.516951648342751	0.09623502644400408
q10.green_2percDMSO_1percDMSO	V	12824863	14479951	15282570	5.8228648389117605	0.030141718125251387
q10.green_abamectin_1percDMSO	I	46655	880114	1484070	5.969850171418657	0.1413841571376456
q10.green_albendazole_1percDMSO	III	7226494	7918719	8794505	5.976497130395889	0.16099914929861267
q10.green_G418_1percWater	V	3950450	9697708	12927433	6.109267134961309	0.13374371250659023
q10.green_nickel_1percwater	IV	4624508	6936163	12681236	6.752470435329567	0.11057280797072125
q10.norm.EXT_cisplatin500_1percWater	I	11133959	11937558	12758863	6.083883827314218	0.14911424903722714
q10.norm.EXT_G418_1percWater	III	1104799	1464974	1843118	6.250378734634102	0.12564270991415433
q10.norm.EXT_G418_1percWater	V	4076322	9697708	15293133	8.356221339106972	0.15874274237997085
q10.norm.EXT_nickel_1percwater	III	12520233	12815804	13771263	6.755852535435366	0.14059800664451833
q10.norm.EXT_nickel_1percwater	IV	4526801	16398653	16605403	7.545447297608473	0.14222860734488643
q10.norm.green_2percDMSO_1percDMSO	X	295885	735212	1699902	6.618770770170973	0.1251802743363626
q10.norm.green_3percEthanol_1percWater	IV	12778258	13547576	14197707	6.797103880650393	0.22138554216867468
q10.norm.green_cisplatin250_1percWater	IV	5311139	8068375	12360939	5.866733180345207	0.24491688134587453
q10.norm.green_cisplatin500_1percWater	I	1228634	1726395	2073189	5.863377850400711	0.1577069961489088
q10.norm.green_cisplatin500_1percWater	I	10994178	11868207	12680803	5.849031199120598	0.15596919127086004
q10.norm.green_DA1877_lysate	III	11591815	11875096	12133161	6.2568941431319205	0.10440175261206605
q10.norm.green_G418_1percWater	III	1104799	1464974	1843118	5.829350063346063	0.11797171698868228
q10.norm.green_G418_1percWater	IV	1145894	1284913	1449994	5.845126352877991	0.14796325595673837
q10.norm.green_G418_1percWater	V	1714	9697708	15293133	8.919512575277466	0.15439383300490006
q10.norm.green_G418_1percWater	X	14711776	14891477	15271919	5.76976717050326	0.1413512173235412
q10.norm.green_JUb87_lysate	III	12157064	12400268	12615843	6.02789461757298	0.012955847657566565
q10.norm.green_mebendazole_1percDMSO	V	16897817	17607792	17944172	5.7604391752990916	0.2112304171800739
q10.norm.green_monepantel_1percethanol	I	7863399	10910081	12107911	7.679745421570855	0.15555613305613308
q10.norm.green_monepantel_1percethanol	III	2863770	3041207	3273620	6.78871499918278	0.11169230769230767
q10.norm.green_silver_1percwater	III	116370	580463	1004819	6.636946331512388	0.1953143605620386
q10.norm.green_silver_1percwater	X	4769740	5443107	6429637	6.643189627999893	0.0443680328323443
q10.norm.red_G418_1percWater	V	1714	194524	12927433	7.137361091004034	0.27603789670092804
q10.norm.red_K12_lysate	III	2507753	2836065	3026204	8.873191087301656	0.375211352657005
q10.norm.red_K12_lysate	III	6895936	7344155	9704839	6.672321370066846	0.2520928929474657
q10.norm.red_nickel_1percwater	III	12520233	12815804	13771263	6.1512538596818915	0.0988353712691421
q10.norm.red_nickel_1percwater	IV	15373379	15750346	16055945	5.909345830758176	0.11332191145899764
q10.norm.red_OP50B12_lysate	III	11578531	12183145	12422011	6.474498983367154	0.2663051154507492
q10.norm.red_zinc_1percwater	X	4168961	5068525	6350271	5.831449299621364	0.22015404364569952
q10.norm.yellow_cisplatin500_1percWater	I	11133959	11937558	12758863	6.10475853775336	0.15424101412066749
q10.norm.yellow_G418_1percWater	V	1714	194524	12927433	7.048058512233349	0.20904309221637793
q10.norm.yellow_K12_lysate	III	2507753	2836065	3026204	8.874202909481042	0.3352720199977532
q10.norm.yellow_MPTP_1percDMSO	II	9064203	9533953	9995931	5.806785019017901	0.25199525311428034
q10.norm.yellow_nickel_1percwater	III	12520233	12815804	13771263	6.076233378283218	0.06149261229579526
q10.norm.yellow_nickel_1percwater	IV	1091858	1196173	1357892	6.273021902515085	0.1050355267222737
q10.norm.yellow_nickel_1percwater	IV	15230332	15540555	16605403	5.946138026444258	0.09656363008595466
q10.norm.yellow_vincristine_1percWater	II	6368	7346	830568	6.616553805716636	0.1179447950532288
q10.red_arsenictrioxide_1percwater	II	7228624	7931252	8468715	6.454287454766344	0.2306513385290489
q10.red_etoposide_halfpercDMSO	II	11619841	11872440	12066887	6.106483995391103	0.29090900014134013
q10.red_G418_1percWater	V	1714	194524	1752230	10.308404081795258	0.2845308755167366
q10.red_HT115_lysate	II	6131345	6964225	8169402	6.1122504889507185	0.2066095740008784
q10.red_HT115_lysate	III	8480746	9132553	9913374	5.949561979129526	0.24086138748807412
q10.red_irinotecan_halfpercDMSO	I	12758863	13518747	14576765	6.039059703376511	0.13954349142694403
q10.red_irinotecan_halfpercDMSO	IV	1132845	1267101	1419964	5.74241133669811	0.15326117480817833
q10.red_nickel_1percwater	III	2514950	2733816	2937852	5.795259578898523	0.1564325871697675
q10.red_praziquantel_1percethanol	IV	882361	1098630	1331359	7.33040696206069	0.13913602299399175
q10.red_vincristine_1percWater	II	6368	7346	830568	5.883073721495678	0.09312087721687635
q10.TOF_MPTP_1percDMSO	II	11691208	11908249	12099780	5.90169268262678	0.18958872570900961
q10.yellow_bleomycin_1percWater	I	660179	1229353	1719435	5.762075634932627	0.14681183783572463
q10.yellow_cisplatin500_1percWater	I	11029081	13352628	14490715	5.958243872923685	0.18629273957314077
q10.yellow_etoposide_halfpercDMSO	II	11619841	11849208	12049740	5.725292969886318	0.2667851601738228
q10.yellow_FUdR_1percwater	X	4876526	5590940	6696042	6.311380431355968	0.08262393512228217
q10.yellow_irinotecan_halfpercDMSO	I	12758863	13518747	14576765	6.143651747477531	0.1517109892904903
q10.yellow_irinotecan_halfpercDMSO	IV	1130273	1267101	1419964	6.427531528852965	0.16276970335340998
q10.yellow_irinotecan_halfpercDMSO	V	6431054	8632563	12732687	7.012370552916887	6.01499686240948e-4
q10.yellow_praziquantel_1percethanol	IV	927365	1098630	1331359	6.596440985568047	0.11655608617986953
q25.EXT_2percDMSO_1percDMSO	III	1725450	2106394	2510575	6.969230512412962	0.2515378355483062
q25.EXT_chlorpyrifos_1percDMSO	III	1340621	1916824	2344683	6.785290324763759	0.28943933754652423
q25.EXT_cisplatin500_1percWater	I	1228634	1726395	2073189	7.316778714706223	0.15081354300385105
q25.EXT_cisplatin500_1percWater	I	10994178	11937558	14590731	7.860499152252026	0.16297817715019253
q25.EXT_etoposide_halfpercDMSO	II	11645604	11872440	12066887	5.7621388874100745	0.3317719660540522
q25.EXT_HT115_lysate	IV	15194796	15494849	15830216	5.804384155799495	0.12480519480519482
q25.EXT_HT115_lysate	V	17725022	17952436	18395365	6.210868644005843	0.1687792207792208
q25.EXT_K12_lysate	II	6368	395125	910187	8.523550319213484	0.07482318078484633
q25.EXT_K12_lysate	X	7712228	8596843	9654636	8.919957550451679	0.06881982525075717
q25.EXT_OP50TRP_lysate	X	5887790	6955431	7863121	5.846918388190598	0.10087293562521063
q25.EXT_praziquantel_1percethanol	IV	785774	1072389	1181181	6.675713520298376	0.22289544493561406
q25.green_2percDMSO_1percDMSO	I	12295967	13209497	14574871	6.813814985659496	0.15467022039317202
q25.green_2percDMSO_1percDMSO	IV	16673783	17009930	17280471	5.955772958547369	0.14503085688999626
q25.green_cisplatin500_1percWater	I	1228634	1726395	2073189	7.637283239067337	0.1494602217728124
q25.green_cisplatin500_1percWater	I	10994178	11937558	14590731	8.562729941426452	0.16335631677235077
q25.green_cisplatin500_1percWater	IV	517843	841672	1118059	5.746388726301006	0.14658277888711935
q25.green_DA1877_lysate	I	2438425	2820424	3571927	6.085667290647959	0.06512016803283471
q25.green_DA1877_lysate	II	2525438	2745933	2929891	6.287342944886369	0.07283172253100384
q25.green_DA1877_lysate	II	12260648	12482639	13208116	7.119438704541938	0.12892685785324726
q25.green_DA1877_lysate	III	11535330	11875096	12133161	7.182153822639605	0.09971093893087217
q25.green_DA1877_lysate	V	734014	1295204	1680373	5.945132996182146	0.05784002917092678
q25.green_HT115_lysate	II	4574488	5505071	6869396	5.820523993081986	0.07855058180728035
q25.green_HT115_lysate	II	13469940	13724697	13924784	5.822568041367633	0.073393049709944
q25.green_praziquantel_1percethanol	IV	785774	1072389	1181181	6.5796654996199315	0.22023183848789724
q25.norm.EXT_2percDMSO_1percDMSO	X	295885	735212	1699902	6.923336381076481	0.14499708439117606
q25.norm.EXT_amsacrine_1percDMSO	V	18011759	19960389	20214041	5.762850846020559	0.048107812886571455
q25.norm.EXT_cisplatin500_1percWater	I	1228634	11937558	12766753	8.808998046753102	0.16833600770218224
q25.norm.EXT_JUb71_lysate	X	5887790	6955431	7863121	6.246236679367672	0.0632591843613077
q25.norm.EXT_nickel_1percwater	IV	4992514	7775931	12453092	7.29290353101704	0.07906162251388281
q25.norm.EXT_nickel_1percwater	IV	15994327	16223314	16531030	7.646410928890767	0.11003652619527883
q25.norm.green_2percDMSO_1percDMSO	X	295885	735212	1699902	7.878683675562842	0.14817500829827127
q25.norm.green_chlorpyrifos_1percDMSO	V	17897495	18160363	18875554	5.808555907128476	0.0954016913319239
q25.norm.green_cisplatin500_1percWater	I	1228634	1726395	2073189	6.620115980528235	0.15424101412066749
q25.norm.green_cisplatin500_1percWater	I	10994178	11937558	12766753	6.858749085720068	0.16121148908857502
q25.norm.green_DA1877_lysate	II	12260648	12482639	13208116	6.486987624631669	0.13135834043762432
q25.norm.green_DA1877_lysate	III	11591815	11875096	12133161	6.202433165709025	0.10799123693966971
q25.norm.green_DA1877_lysate	V	16575026	16722636	17601064	6.243542774542416	0.12424671385237612
q25.norm.green_DA837_lysate	II	13831456	14012135	14301272	6.482282292721743	0.09584776334776336
q25.norm.green_G418_1percWater	V	1714	194524	12927433	9.09423621096575	0.24732583763612093
q25.norm.green_K12_lysate	X	4924810	5641062	6745919	6.703370039629671	0.08383838383838384
q25.norm.green_nickel_1percwater	IV	4992514	7775931	12453092	8.533877263591483	0.07906162251388281
q25.norm.green_nickel_1percwater	IV	15994327	16223314	16531030	7.906495924529575	0.09188246197459517
q25.norm.green_silver_1percwater	III	116370	580463	1004819	5.8222606871304405	0.1826658463655368
q25.norm.green_silver_1percwater	X	4769740	5443107	6429637	7.569518315862274	0.04110282291608895
q25.norm.red_abamectin_1percDMSO	V	4486064	7071601	11404602	8.269336839896981	0.14086094207798064
q25.norm.red_G418_1percWater	V	1714	194524	1752230	8.970993152991285	0.28026830092168126
q25.norm.red_K12_lysate	III	2004198	2836065	3013034	6.57496572295357	0.24775025278058654
q25.norm.red_K12_lysate	III	7095679	7683796	8590152	5.839663323542859	0.21295568700257617
q25.norm.red_nickel_1percwater	IV	4526801	8363211	12630843	6.701716325075826	0.12573389533365661
q25.norm.red_nickel_1percwater	IV	15373379	15750346	16055945	6.232465784156139	0.12309195310106522
q25.norm.red_OP50B12_lysate	III	11750209	12004964	12285779	6.416292623764683	0.25831841432225067
q25.norm.red_silver_1percwater	X	9763549	10264824	11638207	6.691906634676385	0.14548340548340552
q25.norm.red_vincristine_1percWater	IV	15212848	15527259	15872753	7.824277560066834	0.09420850824110923
q25.norm.yellow_2percDMSO_1percDMSO	X	14744365	14948555	15300226	6.171194109733953	0.26182484687042473
q25.norm.yellow_abamectin_1percDMSO	V	4486064	6395875	8664743	6.350721791535612	0.1651149425287356
q25.norm.yellow_cisplatin500_1percWater	I	1228634	1726395	2073189	5.90639009327503	0.13265083440308081
q25.norm.yellow_cisplatin500_1percWater	I	10994178	11937558	14490715	7.280336786987747	0.15945442875481383
q25.norm.yellow_DA1877_lysate	III	2004198	2407880	2646853	6.0561469029939605	0.2586132589681835
q25.norm.yellow_DA1877_lysate	III	7095679	7683796	8590152	5.834780912190645	0.24964451736395954
q25.norm.yellow_G418_1percWater	V	1714	194524	1752230	9.12973768551233	0.2845308755167366
q25.norm.yellow_K12_lysate	III	2004198	2714561	3013034	6.545539232060663	0.3067562428698188
q25.norm.yellow_nickel_1percwater	III	12520233	12815804	13771263	5.759901828477836	0.04666112956810632
q25.norm.yellow_nickel_1percwater	IV	4526801	8363211	12630843	7.057206696027604	0.13530655391120508
q25.norm.yellow_nickel_1percwater	IV	15373379	16398653	16605403	5.891525946655679	0.1117405536010187
q25.norm.yellow_silver_1percwater	X	10315142	10797595	11618133	5.907762310299456	0.13978703344240476
q25.norm.yellow_vincristine_1percWater	IV	15212848	15527259	15872753	7.406528746815907	0.07432081266241435
q25.norm.yellow_zinc_1percwater	X	4168961	5068525	6017442	5.857243265324956	0.25406427806964943
q25.red_2percDMSO_1percDMSO	I	12706746	13518747	14586117	6.254975161875983	0.17206336315837434
q25.red_3percEthanol_1percWater	IV	1736005	2045017	2395946	5.924419885507881	0.16088679040486276
q25.red_abamectin_1percDMSO	V	4323273	6425737	11404602	8.308421246956579	0.21004269592868943
q25.red_abamectin_1percDMSO	V	16233547	16600222	18019275	6.687557926222112	0.24399160064507935
q25.red_cisplatin500_1percWater	I	1228634	1726395	2073189	5.734812674851127	0.14912603632555466
q25.red_cisplatin500_1percWater	I	11029081	11937558	12758863	7.195688934992722	0.1647675165690247
q25.red_dactinomycin_1percDMSO	II	8074279	8641371	9337879	6.654251441934706	0.062003913894324844
q25.red_deiquat_1percwater	X	3106325	5347624	6378578	5.866609506568771	0.3381462346040695
q25.red_etoposide_halfpercDMSO	II	11619841	11849208	12066887	7.7084193822839255	0.34139281138892474
q25.red_HT115_lysate	II	14037720	14395762	14657701	6.400331730473492	0.24454316320100822
q25.red_nickel_1percwater	III	2514950	2733816	2937852	6.135525351364651	0.19250945624319094
q25.red_OP50_lysate	X	15745381	16048826	16434345	6.28581695010848	0.08554273858389898
q25.red_praziquantel_1percethanol	IV	785774	1057626	1331359	6.578890043730208	0.21804623781396365
q25.TOF_2percDMSO_1percDMSO	III	1725450	2106394	2510575	6.3275984202503395	0.2257294155027725
q25.TOF_K12_lysate	I	13363482	14421389	15068369	5.871484314618232	0.1139834359984996
q25.TOF_K12_lysate	X	7712228	8596843	9654636	8.623683152703517	0.08980716573578439
q25.TOF_nickel_1percwater	III	12520233	12815804	13771263	7.709558027881794	0.13455149501661132
q25.TOF_silver_1percwater	V	1744920	2309648	6051373	6.069739463550523	0.1437524263767955
q25.TOF_silver_1percwater	X	4735196	5265149	6136327	5.8990906767430005	0.23826689504827162
q25.TOF_zinc_1percwater	IV	13367380	14495467	16218308	6.530416097746255	0.16123119432308541
q25.yellow_2percDMSO_1percDMSO	I	12295967	13518747	14586117	6.452707865246258	0.18049703309557247
q25.yellow_3percEthanol_1percWater	IV	1736005	2045017	2395946	6.712684168758001	0.16792879078468972
q25.yellow_abamectin_1percDMSO	V	4324216	5540153	11404602	7.201874077717161	0.12340887220031324
q25.yellow_abamectin_1percDMSO	V	16336743	16600222	16741581	6.204943225628626	0.2592816878383532
q25.yellow_cisplatin500_1percWater	I	1228634	1726395	2073189	7.468241399439083	0.15082546461916652
q25.yellow_cisplatin500_1percWater	I	10994178	11937558	14590731	8.962727186801429	0.17015465611732963
q25.yellow_cisplatin500_1percWater	IV	16811514	17057883	17409440	6.757895631274651	0.15339266047630112
q25.yellow_dactinomycin_1percDMSO	II	8074279	8641371	9337879	7.06390872931154	0.07365384493326084
q25.yellow_etoposide_halfpercDMSO	II	11619841	11849208	12078240	8.214559196330706	0.3613032776266355
q25.yellow_praziquantel_1percethanol	IV	785774	1057626	1331359	7.95631320228442	0.24852300384221432
q75.EXT_abamectin_1percDMSO	V	4324216	6395875	11404602	7.859991453998466	0.1591920216362407
q75.EXT_abamectin_1percDMSO	V	16233547	16491275	16673170	5.893683569259607	0.23833423801769368
q75.EXT_albendazole_1percDMSO	II	9223105	9645653	10723378	6.415527431219279	0.18073722512260723
q75.EXT_albendazole_1percDMSO	IV	2785127	3354885	3992694	6.415486674653333	0.15178450000971425
q75.EXT_arsenictrioxide_1percwater	II	7228624	7931252	8468715	6.458265157935697	0.20706297586181546
q75.EXT_cisplatin500_1percWater	I	992525	1726395	2118471	7.228362596481531	0.15945442875481383
q75.EXT_cisplatin500_1percWater	I	10994178	11937558	12766753	8.383008785341636	0.17378048780487798
q75.EXT_DA1877_lysate	I	12004251	12763211	13425940	5.777851682869164	0.12176470588235294
q75.EXT_DA1877_lysate	II	4572915	5611686	7205482	5.998611973222134	0.09105143506678033
q75.EXT_DA1877_lysate	X	7722399	8596843	9640417	7.118186823162059	0.052662622177283444
q75.EXT_daunorubicin_halfpercDMSO	IV	1858224	2143318	2605373	6.0065626629897935	0.14084942084942087
q75.EXT_etoposide_halfpercDMSO	II	11645604	11872440	12199892	7.057439122243004	0.3355067054889116
q75.EXT_HT115_lysate	II	13469940	13724697	13924784	5.9284158162968454	0.09003169115528666
q75.EXT_HT115_lysate	III	1872926	2314883	2540656	5.783642169834556	0.1194888257809606
q75.EXT_JUb71_lysate	II	4271093	4679876	7205482	6.023916782420554	0.08845298281092014
q75.EXT_JUb71_lysate	III	2180715	2522301	2732380	5.741762379879971	0.12205638474295191
q75.EXT_silver_1percwater	V	6618053	9629716	15265819	5.821308064049914	0.1198605488079172
q75.green_abamectin_1percDMSO	V	4324216	6395875	11404602	10.572920077730396	0.1788387392997088
q75.green_arsenictrioxide_1percwater	II	7138704	7931252	8951456	8.215353369028659	0.25158258521227034
q75.green_cisplatin500_1percWater	I	992525	1726395	2118471	7.721266418371595	0.1533839999001546
q75.green_cisplatin500_1percWater	I	10954204	11922136	13844754	9.448573501505413	0.19675241084938683
q75.green_DA1877_lysate	I	2620495	3116679	4679573	5.897219674496403	0.025125010594118154
q75.green_DA1877_lysate	V	1714	16896	423691	6.37209221981963	0.0415267947421638
q75.green_DA1877_lysate	X	7722399	8596843	9640417	7.8272042838432965	0.05182339063026626
q75.green_DA837_lysate	V	3091088	4425853	5662715	6.878991693300634	0.1425859619210003
q75.green_etoposide_halfpercDMSO	II	11612409	12041264	12199892	7.411944696262609	0.3074134375339195
q75.green_HT115_lysate	II	13469940	13724697	14462756	6.7612294520019995	0.07906913845918663
q75.green_HT115_lysate	V	15319226	15716016	15967124	5.934740332056731	0.11231964801435886
q75.norm.EXT_arsenictrioxide_1percwater	II	7228624	7931252	8468715	6.0509912070882805	0.2673850411438732
q75.norm.EXT_arsenictrioxide_1percwater	III	7186324	7815934	8686421	6.833131105915633	0.1530897009966778
q75.norm.EXT_DA1877_lysate	V	15476508	15842141	16006541	5.789854036129064	0.16029552994587046
q75.norm.EXT_DA837_lysate	III	7271531	8001998	8868193	5.951753372335032	0.10061500831966322
q75.norm.EXT_etoposide_halfpercDMSO	II	11619841	11849208	12049740	5.806036971136984	0.25030444358077464
q75.norm.EXT_JUb71_lysate	X	7751078	8596843	9640417	5.770209140309774	0.11041793056959895
q75.norm.EXT_silver_1percwater	II	3920678	4294059	4734658	7.472098378080412	0.12483693207377414
q75.norm.EXT_silver_1percwater	X	4747757	10797595	11618133	7.2360234227435924	0.08236509345016917
q75.norm.green_arsenictrioxide_1percwater	II	7138704	7931252	8951456	7.39084404333195	0.2714108571695957
q75.norm.green_cisplatin500_1percWater	I	1244526	1726395	2073189	5.845216544248325	0.13139812889812894
q75.norm.green_cisplatin500_1percWater	I	11071470	11922136	13625724	7.32048621291724	0.18813224446786095
q75.norm.green_cisplatin500_1percWater	X	14855039	15199679	15450273	8.53003825287006	0.10042099792099793
q75.norm.green_DA1877_lysate	V	15374496	15783230	17601064	7.212493274782891	0.15929018445322796
q75.norm.green_DA1877_lysate	X	7751078	8596843	9640417	7.66926403502493	0.06892146949780924
q75.norm.green_JUb87_lysate	V	13665193	15177446	15920552	8.076524179024641	0.18750441852244612
q75.norm.red_abamectin_1percDMSO	V	5585155	7071601	11404602	5.961372932868391	0.1393624320737235
q75.norm.red_arsenictrioxide_1percwater	II	6964225	7931252	8515932	8.768160525595091	0.2541829047373945
q75.norm.red_chlorpromazine_1percethanol	X	5000595	5995107	9897980	6.605499980791626	0.18191185795814835
q75.norm.red_etoposide_halfpercDMSO	II	11164391	11849208	12888784	7.427804434457242	0.28632954758100493
q75.norm.red_JUb87_lysate	II	12523546	12707474	12851273	5.99520505750138	0.3103736100391619
q75.norm.red_nickel_1percwater	III	12520233	12815804	13771263	5.8412688350860735	0.058808139534883744
q75.norm.red_nickel_1percwater	IV	4328503	7775931	13431912	7.231654842720414	0.06080149501661131
q75.norm.red_nickel_1percwater	IV	16000056	16223314	16531030	5.738773884913243	0.05475769937059311
q75.norm.red_nickel_1percwater	V	18515702	19509104	19972294	6.051788448040833	0.03591777408637875
q75.norm.yellow_arsenictrioxide_1percwater	II	6964225	7931252	8951456	9.10048096980996	0.2647178753584631
q75.norm.yellow_chlorpromazine_1percethanol	X	5068525	5995107	7260449	5.964243433562493	0.18477656757059194
q75.norm.yellow_dactinomycin_1percDMSO	II	8074279	8641371	9337879	6.357250663638336	0.07985127201565557
q75.norm.yellow_etoposide_halfpercDMSO	II	11164391	11849208	12888784	7.636577574124878	0.28249053561917914
q75.norm.yellow_nickel_1percwater	IV	4328503	7775931	13009530	6.562719979532277	0.06080149501661131
q75.norm.yellow_zinc_1percwater	X	4167697	5068525	7437166	5.983540430080074	0.2776422686941957
q75.red_abamectin_1percDMSO	V	16233547	16491275	16673170	5.871942963476616	0.28781492944377235
q75.red_arsenictrioxide_1percwater	II	6963089	7892564	8515932	8.222334101091246	0.1819355854791716
q75.red_chlorpromazine_1percethanol	X	5007809	5995107	9897980	6.3882329189270175	0.18585656213704993
q75.red_cisplatin500_1percWater	I	1228634	1726395	2073189	6.031683063065049	0.14407413350449289
q75.red_cisplatin500_1percWater	I	11029081	11937558	12766753	7.193407230719979	0.16475449293966618
q75.red_cisplatin500_1percWater	V	3441713	4484096	5915778	5.750111722122157	0.1440954892174404
q75.red_DA1877_lysate	X	5887790	8596843	9640417	7.20090265813048	0.06700707785642061
q75.red_docetaxel_halfpercDMSO	II	12410646	12605525	12765083	7.119001216277709	0.13289874381423675
q75.red_docetaxel_halfpercDMSO	IV	16814327	17072978	17289322	8.478932887326673	0.17639206712433253
q75.red_etoposide_halfpercDMSO	II	11836192	12041264	12199892	6.737146903676669	0.32252037847754056
q75.red_etoposide_halfpercDMSO	V	20205081	20634351	20900332	6.798613331349705	0.15104690044449087
q75.red_JUb71_lysate	III	2106394	2503365	2719781	5.809727887562749	0.054732963568949564
q75.red_JUb87_lysate	V	15283455	16971719	18045135	8.206886005540234	0.14131571469167378
q75.red_nickel_1percwater	IV	1795243	2671347	12630843	7.176342492749156	0.10106312292358809
q75.red_zinc_1percwater	X	5344588	6344867	7437166	5.95082190995899	0.32169678714859445
q75.TOF_abamectin_1percDMSO	V	5175241	6425737	10037236	6.102063673715405	0.1552616867018489
q75.TOF_abamectin_1percDMSO	V	15984276	16600222	16741581	6.39899354904315	0.22646955252561787
q75.TOF_albendazole_1percDMSO	II	9223105	9645653	10723378	6.387434008937563	0.1915899383009018
q75.TOF_albendazole_1percDMSO	IV	2785127	3354885	6574351	6.9873729662238535	0.1757324512832469
q75.TOF_daunorubicin_halfpercDMSO	IV	1471787	1626230	1939413	5.966036265828583	0.09957841136330836
q75.TOF_etoposide_halfpercDMSO	II	11645604	11872440	12066887	7.671069411652132	0.3330145565998543
q75.TOF_monepantel_1percethanol	I	4254486	8131241	11185740	5.952754154095909	0.2809225861857441
q75.TOF_praziquantel_1percethanol	III	11384359	11729697	11990328	5.813974855393205	0.13236090341875928
q75.TOF_silver_1percwater	II	3439475	3702412	3888751	7.673315004332898	0.13782513449059952
q75.TOF_silver_1percwater	II	13732097	13927502	14452399	7.403286806981738	0.07053531264057578
q75.TOF_silver_1percwater	IV	16270898	16539826	16827161	7.673315004332898	0.13782513449059952
q75.TOF_silver_1percwater	V	1554461	1947485	15265819	11.995092041628844	0.14777327935222673
q75.TOF_silver_1percwater	X	14172814	14718907	14947919	8.903387375408608	0.12483693207377414
q75.yellow_abamectin_1percDMSO	V	4324216	7071601	11404602	11.846813168134071	0.15002028397565928
q75.yellow_abamectin_1percDMSO	V	15984276	16172999	18019275	6.144157966402341	0.2086351782092147
q75.yellow_arsenictrioxide_1percwater	II	6964225	7931252	12021776	10.060271230439781	0.2337546875940026
q75.yellow_chlorpromazine_1percethanol	X	5088524	5995107	7260449	5.882410199282321	0.18229279026621217
q75.yellow_cisplatin500_1percWater	I	1029658	1726395	2118471	7.280860878841671	0.16112642600406313
q75.yellow_cisplatin500_1percWater	I	11082416	11937558	14582599	7.591137020703576	0.16473699015471172
q75.yellow_cisplatin500_1percWater	II	4546087	5439489	6095043	5.8352865433778	0.11326894827316769
q75.yellow_cisplatin500_1percWater	III	2344212	2576392	3421937	6.156914630327289	0.11782966088451319
q75.yellow_cisplatin500_1percWater	IV	16817422	17057883	17397141	6.23342745906314	0.13863291139240508
q75.yellow_DA1877_lysate	II	4572915	5611686	7205482	6.596698066402944	0.10043762432509237
q75.yellow_DA1877_lysate	V	15374496	15783230	15983106	5.89460261870601	0.14429512516469037
q75.yellow_DA1877_lysate	X	5887790	8596843	9640417	8.60233668325406	0.06233906302662623
q75.yellow_dactinomycin_1percDMSO	II	8074279	8641371	9337879	6.55747656939896	0.08144031311154598
q75.yellow_dactinomycin_1percDMSO	III	12249	1664038	1980759	6.922497533102293	0.14774667460790156
q75.yellow_docetaxel_halfpercDMSO	IV	16814327	17072978	17289322	7.477643910049976	0.17071762838353222
q75.yellow_etoposide_halfpercDMSO	II	11612409	12041264	12199892	7.6274571534331495	0.3649939095722229
q75.yellow_etoposide_halfpercDMSO	V	20205081	20634351	20900332	6.281249047671161	0.14771814530850677
q75.yellow_HT115_lysate	II	4572915	5498459	7205482	7.286372428762602	0.06784366987936055
q75.yellow_HT115_lysate	II	11764530	11958857	12112306	5.835327206703456	0.05927833536180245
q75.yellow_HT115_lysate	V	15283455	17671048	17884216	7.37277725655524	0.05846560577558595
q75.yellow_HT115_lysate	X	7712228	8556652	9604351	7.154118498136049	0.07079305360865176
q75.yellow_JUb71_lysate	III	2106394	2503365	2709186	5.76359756829664	0.0632608220262207
q75.yellow_JUb87_lysate	V	15283455	15529445	16006541	7.7151429670731115	0.08603580562659846
q75.yellow_JUb87_lysate	V	16792754	16971719	18045135	8.420593273169622	0.13879227053140095
q75.yellow_nickel_1percwater	IV	2422298	2671347	12630843	6.385902778980426	0.10764534883720933
q75.yellow_zinc_1percwater	X	5344588	6556340	7877922	6.197367944069502	0.33699511852122294
q90.EXT_abamectin_1percDMSO	V	5053892	7071601	11404602	6.957111016896954	0.145404552625648
q90.EXT_albendazole_1percDMSO	II	9223105	10143974	10954817	7.163702515788602	0.1917580667182451
q90.EXT_albendazole_1percDMSO	III	2646853	2819699	3003007	6.406149149772913	0.1609409416718387
q90.EXT_albendazole_1percDMSO	IV	2785127	3354885	3634700	5.975185992429648	0.14816352897748247
q90.EXT_arsenictrioxide_1percwater	II	6964225	7931252	8951456	9.129088331234552	0.28781492944377235
q90.EXT_cisplatin500_1percWater	I	1228634	1726395	2073189	6.265356602035446	0.1577069961489088
q90.EXT_cisplatin500_1percWater	I	10954204	11922136	12766753	8.61759613474991	0.20579268292682923
q90.EXT_DA1877_lysate	II	2052454	2447612	2620833	5.8259674183064085	0.08977634639470386
q90.EXT_DA1877_lysate	X	7722399	8556652	9640417	6.012791737105823	0.09105143506678033
q90.EXT_DA837_lysate	V	3782249	4564610	5915778	6.090424586929534	0.15032679738562088
q90.EXT_etoposide_halfpercDMSO	II	11645604	11872440	12066887	8.526870733298498	0.35706507080879013
q90.EXT_K12_lysate	II	6368	395125	908609	6.181782064872779	0.04380182002022245
q90.EXT_OP50_lysate	III	4042592	8602773	9290331	6.593918256477119	0.11710429099175902
q90.EXT_vincristine_1percWater	II	3082416	3424746	3684888	6.7699573484023965	0.20045650970195966
q90.EXT_vincristine_1percWater	II	9062221	9533953	10021828	6.021134726254338	0.29901997518713735
q90.green_abamectin_1percDMSO	V	2001900	3761398	8664743	6.473569515476533	0.16501334472082843
q90.green_arsenictrioxide_1percwater	II	6964225	7931252	8951456	9.706940150763893	0.30327479829140963
q90.green_DA1877_lysate	X	6392026	8596843	9640417	7.174614005900597	0.0873643410852713
q90.green_etoposide_halfpercDMSO	II	10682633	11872440	12203935	8.086272703768007	0.36353350944441404
q90.green_JUb85_lysate	V	18460516	19063271	19818395	5.8832121699856295	0.16868342936965255
q90.green_OP50_lysate	III	4042592	8602773	9290331	6.82467967392486	0.11366865586814434
q90.norm.EXT_arsenictrioxide_1percwater	III	7186324	7815934	8686421	6.672755161397524	0.148343023255814
q90.norm.EXT_bicuculline_1percDMSO	V	1723388	2292628	4080299	5.850370892175866	0.060125710565196715
q90.norm.EXT_DA837_lysate	III	12250606	12456986	12747126	5.798987751661157	0.16028317319877425
q90.norm.EXT_deiquat_1percwater	X	15673438	15962625	16343807	6.321297418036938	0.243922236300285
q90.norm.EXT_irinotecan_halfpercDMSO	II	3373487	3608662	3777414	6.156115546627724	0.16618840314614963
q90.norm.EXT_K12_lysate	II	6368	443674	910187	7.545147902373005	0.1425859619210003
q90.norm.EXT_silver_1percwater	X	8906387	10134413	11618133	6.5356018145278725	0.09652820143086906
q90.norm.green_arsenictrioxide_1percwater	II	7138704	7931252	8951456	7.468107457999398	0.29748072723065133
q90.norm.green_bicuculline_1percDMSO	X	5995107	7121574	8547495	5.936822144649471	0.2612625171968149
q90.norm.green_DA837_lysate	III	11217854	12025552	12456986	6.486701615108506	0.15204307887234716
q90.norm.green_JUb87_lysate	V	13665193	15267858	15932173	9.431801951950163	0.21820816864295126
q90.norm.red_arsenictrioxide_1percwater	II	7138704	7931252	8468715	7.86575509270334	0.2337546875940026
q90.norm.red_etoposide_halfpercDMSO	II	11164391	11849208	12049740	7.326245597411271	0.25030444358077464
q90.norm.red_JUb71_lysate	X	5887790	6955431	7863121	6.071849296070416	0.08413886080215707
q90.norm.red_JUb85_lysate	X	5887790	6955431	7863121	6.572707394408463	0.10920121334681496
q90.norm.red_zinc_1percwater	IV	15616112	15975234	16212978	6.352783782876023	0.09007415348878764
q90.norm.yellow_arsenictrioxide_1percwater	II	7138704	7931252	8471399	8.360833478171502	0.2639899333227267
q90.norm.yellow_cisplatin500_1percWater	IV	1246414	1416339	1555754	5.818186302569771	0.09755197505197506
q90.norm.yellow_etoposide_halfpercDMSO	II	11164391	11849208	12118931	7.848883536503829	0.2587784831080595
q90.norm.yellow_JUb85_lysate	X	5671521	6955431	10109891	7.509110427601186	0.10678800134816314
q90.norm.yellow_K12_lysate	X	5887790	7894994	8917466	6.378122272943374	0.14743332940575782
q90.norm.yellow_OP50B12_lysate	III	301683	821710	1140771	6.023771475850751	0.0862824401752612
q90.red_abamectin_1percDMSO	III	12471178	12757858	13748362	5.790749231867376	0.0897383720930233
q90.red_abamectin_1percDMSO	V	4318712	7071601	11801397	10.40385269578696	0.15468853820598008
q90.red_arsenictrioxide_1percwater	II	6964225	7931252	8515932	10.184566961891942	0.24899563493920332
q90.red_arsenictrioxide_1percwater	II	11276295	11606193	11836192	5.82072032902768	0.12182326717210437
q90.red_chlorpyrifos_1percDMSO	II	2179298	2471316	2662696	6.2865590459523935	0.14605691806503163
q90.red_DA837_lysate	V	3467830	4564610	6395875	6.598213650178205	0.15427394146064224
q90.red_docetaxel_halfpercDMSO	II	1392498	1788925	2338271	6.5957834100248585	0.09832757569599676
q90.red_docetaxel_halfpercDMSO	II	12410646	12605525	12765083	9.990001530585054	0.14101286238054214
q90.red_docetaxel_halfpercDMSO	IV	13367380	13956350	14541436	7.194022100291714	0.13353383458646617
q90.red_docetaxel_halfpercDMSO	IV	16814327	17072978	17289322	9.277228748017606	0.156039334529037
q90.red_docetaxel_halfpercDMSO	V	15441598	15853889	16011044	6.457662705318974	0.10687117323272925
q90.red_etoposide_halfpercDMSO	II	10892387	11872440	12467588	7.117203925406046	0.3519321266850095
q90.red_etoposide_halfpercDMSO	V	20205081	20634351	20900332	5.928862856470526	0.16298962082094615
q90.red_JUb71_lysate	X	5887790	6955431	7863121	6.211700533349979	0.0906504887091338
q90.red_JUb85_lysate	X	5671521	6769644	8753399	5.812309951737465	0.12651605569764138
q90.red_OP50B12_lysate	X	5887790	8596843	9640417	6.9289345089858205	0.11535220761712166
q90.TOF_abamectin_1percDMSO	V	4323273	6676606	11404602	6.6504032836503875	0.17042700369272373
q90.TOF_abamectin_1percDMSO	V	15984276	16600222	16741581	7.065751473750772	0.25870466180892276
q90.TOF_albendazole_1percDMSO	II	9223105	10143974	12162900	7.157577064172943	0.1822312231678272
q90.TOF_albendazole_1percDMSO	IV	2785127	4522219	6574351	6.580129186683102	0.15899533201564406
q90.TOF_arsenictrioxide_1percwater	I	3080051	4645862	11115753	5.828063131461301	0.13907392026578078
q90.TOF_arsenictrioxide_1percwater	II	7228624	7931252	8468715	6.729737306944857	0.2250863987914196
q90.TOF_cisplatin500_1percWater	I	11029081	11922136	12766753	6.2399398727605595	0.20579268292682923
q90.TOF_etoposide_halfpercDMSO	II	7977795	8475541	9429902	5.758178384762737	0.17592396877960187
q90.TOF_etoposide_halfpercDMSO	II	11645604	11872440	12203935	10.13360889423243	0.4008298066116851
q90.TOF_mebendazole_1percDMSO	IV	1939694	3481894	4876746	7.79641476616221	0.22814591423613975
q90.TOF_silver_1percwater	II	3439475	3702412	3888751	8.50045831456418	0.13394293161776935
q90.TOF_silver_1percwater	IV	16270898	16539826	16827161	8.50045831456418	0.13394293161776935
q90.TOF_silver_1percwater	V	1554461	1947485	7244703	9.23350883813121	0.1437524263767955
q90.TOF_silver_1percwater	X	14499073	14718907	14926520	6.819787329033204	0.10708502024291496
q90.TOF_vincristine_1percWater	I	2276429	2596756	3106349	5.7340241409249915	0.280572518802808
q90.yellow_abamectin_1percDMSO	V	5053892	6395875	11404602	6.250338088136049	0.17574036511156182
q90.yellow_arsenictrioxide_1percwater	II	6964225	7931252	8951456	11.074714442338495	0.2633893059352795
q90.yellow_arsenictrioxide_1percwater	II	11276295	11606193	11836192	6.414307207884994	0.12462908538489936
q90.yellow_chlorpyrifos_1percDMSO	I	3736	390332	1244526	6.010892389174046	0.09318312322188292
q90.yellow_chlorpyrifos_1percDMSO	II	9738920	10369112	10749016	6.224874374438055	0.15750704721634956
q90.yellow_DA837_lysate	V	3467830	5053892	6395875	8.07902596552751	0.1375261206605999
q90.yellow_docetaxel_halfpercDMSO	II	1392498	1788925	2338271	6.069930423053066	0.11948790896159318
q90.yellow_docetaxel_halfpercDMSO	II	12410646	12605525	12765083	7.488353454060071	0.13090777953639327
q90.yellow_docetaxel_halfpercDMSO	IV	13367380	13917904	14472612	6.069930423053066	0.11948790896159318
q90.yellow_docetaxel_halfpercDMSO	IV	16814327	17072978	17289322	7.37838976451667	0.11137052384191969
q90.yellow_etoposide_halfpercDMSO	II	10682633	11872440	12467588	7.4059934770665015	0.36353350944441404
q90.yellow_OP50B12_lysate	X	7746059	8596843	9654636	8.1055635899751	0.11358352156765902
var.EXT_abamectin_1percDMSO	I	3193751	5685673	11658604	9.28418186496441	0.15157488793729498
var.EXT_albendazole_1percDMSO	II	1104776	1463420	3615505	6.4929716555985095	0.13605066445182726
var.EXT_albendazole_1percDMSO	II	9223105	10143974	10954817	7.089181617239486	0.1764002032797828
var.EXT_albendazole_1percDMSO	IV	1955111	4522219	6574351	7.160635059595773	0.15899533201564406
var.EXT_bleomycin_1percWater	II	13266268	13469940	13732097	6.548865821371257	0.20094495758947584
var.EXT_chlorpyrifos_1percDMSO	III	1518365	1870171	2360504	7.21340642052669	0.15306537185216895
var.EXT_DA837_lysate	V	3863270	5053892	6395875	6.665086076041156	0.1444186046511628
var.EXT_docetaxel_halfpercDMSO	II	2669896	2834053	3041470	6.564123082088107	0.1394011544011544
var.EXT_docetaxel_halfpercDMSO	III	4622506	5526570	6053337	5.974996638340889	0.269070929070929
var.EXT_docetaxel_halfpercDMSO	V	6395747	8406611	16066530	8.205395520490033	0.1997913473689871
var.EXT_JUb71_lysate	IV	1355743	1503230	1652071	5.791251943122713	0.11287587498767619
var.EXT_vincristine_1percWater	II	3082416	3287869	3513840	5.7814143668571205	0.1626770590319325
var.green_bleomycin_1percWater	II	8094901	8683347	11714264	6.134799293918866	0.13053885080673425
var.green_bleomycin_1percWater	II	13266268	13469940	13732097	6.333968872937196	0.16658756525866159
var.green_cisplatin500_1percWater	I	11513653	12209362	13429200	6.535714467018909	0.07751336146272855
var.green_cisplatin500_1percWater	IV	12342366	15147847	17258440	12.981349939422588	0.25379521380255193
var.green_copper_1percwater	II	2809227	3108647	3376344	5.907754920015333	0.018474374041213253
var.green_copper_1percwater	II	9603099	10131702	10628031	6.993835440526951	0.016286860023863144
var.green_copper_1percwater	II	13898256	14121786	14501282	8.426726191386887	0.03211397626705918
var.green_DA1877_lysate	V	1714	16896	423691	6.82665651278974	0.05846560577558595
var.green_irinotecan_halfpercDMSO	I	3064641	4527599	8220239	5.764971599143587	0.11719626852021217
var.green_irinotecan_halfpercDMSO	X	9752004	10270646	10864960	5.9435220296621605	0.15278838808250572
var.green_JUb71_lysate	II	13917702	14123542	14612279	6.490662249578869	0.13753907360045467
var.red_albendazole_1percDMSO	III	2646853	2881465	3083423	6.153377165136303	0.14094275139774784
var.red_albendazole_1percDMSO	IV	2785127	3481894	6574351	6.4895632944756585	0.14928424820092337
var.red_arsenictrioxide_1percwater	II	6963089	7931252	8515932	9.917084490453933	0.24888413510008428
var.red_arsenictrioxide_1percwater	III	7215100	7863332	8750423	7.323644001392992	0.08260126133723276
var.red_bleomycin_1percWater	III	12377893	12588693	13072917	6.205853298768936	0.18097917194302743
var.red_DA837_lysate	V	3467830	4564610	6395875	9.278953452296493	0.1664222790565502
var.red_DA837_lysate	V	18329988	19166479	19889749	6.679380959533718	0.16237812911725955
var.red_daunorubicin_halfpercDMSO	III	2127449	2509162	2719781	6.08477970246378	0.09819178082191782
var.red_daunorubicin_halfpercDMSO	IV	2395946	2638510	3052476	7.24166347304647	0.12625440313111547
var.red_daunorubicin_halfpercDMSO	X	13671814	13976993	14217851	6.4552152116106445	0.14625302175664784
var.red_docetaxel_halfpercDMSO	II	1380119	1788925	2339977	6.224311154425816	0.07827788649706459
var.red_docetaxel_halfpercDMSO	II	12410646	12605525	12765083	8.087238573321672	0.13639138943248533
var.red_docetaxel_halfpercDMSO	IV	13349112	13956350	14555851	6.943701290279222	0.14389676394679377
var.red_docetaxel_halfpercDMSO	IV	16814327	17072978	17289322	6.492630644183489	0.1375235025517056
var.red_etoposide_halfpercDMSO	V	18977469	20634351	20900332	7.912500720865024	0.15945442875481383
var.red_mebendazole_1percDMSO	II	938348	1463420	2052066	5.93598594426296	0.15456374611304186
var.red_mebendazole_1percDMSO	IV	3038968	4522219	6562501	6.574528924950924	0.20164986152563785
var.red_OP50B12_lysate	X	5887790	8596843	9640417	7.985345760360693	0.0873643410852713
var.TOF_albendazole_1percDMSO	II	713313	1463420	3615505	8.591629264086778	0.14522009966777416
var.TOF_albendazole_1percDMSO	II	9223105	10143974	12162900	8.445946931273948	0.15837808522580746
var.TOF_albendazole_1percDMSO	III	2833575	3007131	3226282	6.180419940694736	0.13306063122923595
var.TOF_albendazole_1percDMSO	IV	1955111	4522219	7551241	9.620120486281433	0.16961744957034922
var.TOF_arsenictrioxide_1percwater	II	7795026	8293290	8951456	6.563345587043674	0.16801443296459903
var.TOF_dactinomycin_1percDMSO	III	225527	787750	1109134	5.746716772852323	0.19547114985471148
var.TOF_daunorubicin_halfpercDMSO	III	3443848	4225287	7781657	6.8895589060250275	0.05523287671232875
var.TOF_daunorubicin_halfpercDMSO	V	1831	248299	1554088	6.320628214191124	0.024840182648401828
var.TOF_etoposide_halfpercDMSO	II	11645604	11872440	12066887	7.101109215010561	0.3243651973614114
var.TOF_mebendazole_1percDMSO	II	10029816	10558641	10958499	5.982553191312357	0.20648643942362108
var.TOF_mebendazole_1percDMSO	IV	1961609	3481894	6562501	7.719061120654019	0.19995042551433526
var.TOF_vincristine_1percWater	II	2861463	3093944	3363401	6.272649701610268	0.19826574461938465
var.TOF_vincristine_1percWater	IV	14658816	15051395	15312647	6.102625677196888	0.20991432068543453
var.yellow_albendazole_1percDMSO	II	10102408	10630784	11805055	5.762286081363231	0.14029479047986435
var.yellow_albendazole_1percDMSO	IV	1955111	3481894	6574351	6.983197565061034	0.15204232843192048
var.yellow_arsenictrioxide_1percwater	II	6964225	7931252	8951456	10.408936297961635	0.27955273167242656
var.yellow_arsenictrioxide_1percwater	II	11276295	11606193	11836192	6.276256366727018	0.12275499048754866
var.yellow_arsenictrioxide_1percwater	X	295885	1358171	2228275	6.553757258592343	0.05475769937059311
var.yellow_cisplatin500_1percWater	IV	14874062	15137817	15434855	5.939547769270268	0.13022868156482784
var.yellow_DA837_lysate	V	3455491	5053892	16577608	12.623139164410338	0.14722278395685875
var.yellow_DA837_lysate	V	18160363	19166479	19889749	7.911031265928932	0.1696986166007905
var.yellow_daunorubicin_halfpercDMSO	IV	2395946	2638510	3052476	6.276652117490858	0.11842661448140898
var.yellow_JUb85_lysate	X	295885	735212	3135501	5.996761113946422	0.08321811697885723
var.yellow_mebendazole_1percDMSO	II	938348	1463420	2052066	6.218331994246366	0.15078251326138645
var.yellow_mebendazole_1percDMSO	III	2771485	2948656	3135588	6.539509694863201	0.12955266955266956
var.yellow_mebendazole_1percDMSO	IV	3899470	4522219	7477686	6.843459452763185	0.17991557097147157
var.yellow_OP50B12_lysate	X	5887790	6955431	7863121	7.068433820457573	0.051465177254998794
